[
    {
        "queryId": 123,
        "queryName": "test",
        "projectName": "mini",
        "businessUnit": "sps",
        "createdBy": "Phaniraj"
    },
    {
        "queryId": "",
        "queryName": "",
        "businessUnit": "",
        "createdBy": ""
    },
    {
        "queryId": "202",
        "queryName": "tes2",
        "projectName": "eqeqwe",
        "businessUnit": "qweqeq",
        "createdBy": "qweqeqw"
    },
    {
        "queryId": "",
        "queryName": "",
        "businessUnit": "",
        "createdBy": ""
    },
    {
        "queryId": "202",
        "queryName": "Vishnu Km",
        "projectName": ",m,",
        "businessUnit": ",,ljj",
        "createdBy": "jj"
    },
    {
        "queryId": "21212",
        "queryName": "dadafd",
        "projectName": "afsf",
        "businessUnit": "fwarfwf",
        "createdBy": "fawfwef"
    }
]